{
  "tickets": [
    {
      "requester_id": 1,
      "assignee_id": 5,
      "subject": "velit eiusmod reprehenderit officia cupidatat",
      "description": "Aute ex sunt culpa ex ea esse sint cupidatat aliqua ex consequat sit reprehenderit. Velit labore proident quis culpa ad duis adipisicing laboris voluptate velit incididunt minim consequat nulla. Laboris adipisicing reprehenderit minim tempor officia ullamco occaecat ut laborum.\n\nAliquip velit adipisicing exercitation irure aliqua qui. Commodo eu laborum cillum nostrud eu. Mollit duis qui non ea deserunt est est et officia ut excepteur Lorem pariatur deserunt.",
      "tags": [
        "est",
        "nisi",
        "incididunt"
      ]
    },
    {
      "requester_id": 2,
      "assignee_id": 8,
      "subject": "excepteur laborum ex occaecat Lorem",
      "description": "Exercitation amet in laborum minim. Nulla et veniam laboris dolore fugiat aliqua et sit mollit. Dolor proident nulla mollit culpa in officia pariatur officia magna eu commodo duis.\n\nAliqua reprehenderit aute qui voluptate dolor deserunt enim aute tempor ad dolor fugiat. Mollit aliquip elit aliqua eiusmod. Ex et anim non exercitation consequat elit dolore excepteur. Aliqua reprehenderit non culpa sit consequat cupidatat elit.",
      "tags": [
        "labore",
        "voluptate",
        "amet"
      ]
    },
    {
      "requester_id": 3,
      "assignee_id": 10,
      "subject": "ad sunt qui aute ullamco",
      "description": "Sunt incididunt officia proident elit anim ullamco reprehenderit ut. Aliqua sint amet aliquip cillum minim magna consequat excepteur fugiat exercitation est exercitation. Adipisicing occaecat nisi aliqua exercitation.\n\nAute Lorem aute tempor sunt mollit dolor in consequat non cillum irure reprehenderit. Nulla deserunt qui aliquip officia duis incididunt et est velit nulla irure in fugiat in. Deserunt proident est in dolore culpa mollit exercitation ea anim consequat incididunt. Mollit et occaecat ullamco ut id incididunt laboris occaecat qui.",
      "tags": [
        "laborum",
        "mollit",
        "proident"
      ]
    },
    {
      "requester_id": 4,
      "assignee_id": 10,
      "subject": "aliquip mollit quis laborum incididunt",
      "description": "Pariatur voluptate laborum voluptate sunt ad magna exercitation nulla. In in Lorem minim dolor laboris reprehenderit ad Lorem. Cupidatat laborum qui mollit nostrud magna ullamco. Tempor nisi ex ipsum fugiat dolor proident qui consectetur anim sunt. Dolore consectetur in ex esse et aliqua fugiat enim Lorem ea Lorem incididunt. Non amet elit pariatur commodo labore officia esse anim. In do mollit commodo nulla ullamco culpa cillum incididunt.\n\nEt nostrud aute fugiat voluptate tempor ad labore in elit et sunt. Enim quis nulla eu ut sit. Pariatur irure officia occaecat non dolor est excepteur anim incididunt commodo ea cupidatat minim excepteur. Cillum proident tempor laborum amet est ipsum ipsum aliqua sit sunt reprehenderit fugiat aliqua ea.",
      "tags": [
        "consectetur",
        "mollit",
        "sit"
      ]
    },
    {
      "requester_id": 5,
      "assignee_id": 10,
      "subject": "nisi aliquip ipsum nostrud amet",
      "description": "Aute Lorem fugiat ad consectetur sint fugiat. Et qui ipsum in qui nostrud nulla qui et occaecat culpa ad occaecat. Aute mollit occaecat mollit proident nostrud non ea laboris adipisicing deserunt officia. Eiusmod sint fugiat veniam consectetur consequat exercitation esse est.\n\nVelit est ipsum labore aliquip quis mollit laborum in. Consectetur cillum proident ullamco exercitation pariatur. Incididunt consectetur tempor adipisicing esse minim mollit Lorem.",
      "tags": [
        "et",
        "occaecat",
        "cillum"
      ]
    },
    {
      "requester_id": 6,
      "assignee_id": 9,
      "subject": "cillum quis nostrud labore amet",
      "description": "Deserunt officia ea fugiat dolor eu laboris esse reprehenderit deserunt dolore voluptate amet culpa. Proident ut mollit adipisicing occaecat Lorem do ut ex aute laboris fugiat minim dolor. In anim non nostrud adipisicing aliquip nisi laborum cupidatat officia. Sunt cillum sint anim elit culpa commodo amet excepteur consectetur veniam nulla ut. Officia ut ut sit incididunt cupidatat velit proident cupidatat voluptate eu ex.\n\nVelit nisi voluptate nulla reprehenderit officia consectetur dolor nostrud cillum duis. Dolore cupidatat eu veniam ut fugiat mollit ea. Reprehenderit nulla nisi cillum voluptate ex. Occaecat incididunt id mollit deserunt occaecat adipisicing ullamco ipsum. Minim ullamco adipisicing quis aliquip est ex sunt ea quis. Sint aute occaecat velit ipsum enim qui fugiat esse in officia excepteur irure. Enim eu dolore reprehenderit exercitation ullamco est nulla voluptate consectetur aliqua sit.",
      "tags": [
        "Lorem",
        "ad",
        "et"
      ]
    },
    {
      "requester_id": 7,
      "assignee_id": 1,
      "subject": "proident est nisi non irure",
      "description": "Aute mollit ex nulla id culpa nisi enim amet enim duis laborum in. Eiusmod ea quis tempor voluptate deserunt tempor amet fugiat esse ea. Anim sunt nisi laboris dolor. Est ullamco voluptate dolor magna elit eu. Laboris reprehenderit irure occaecat excepteur.\n\nDo nisi commodo dolor eiusmod eiusmod non eu occaecat sunt incididunt irure consectetur do. Exercitation occaecat culpa voluptate exercitation sit. In aute eu nulla anim reprehenderit velit. Eu deserunt aliquip aute Lorem consectetur mollit non esse veniam irure excepteur cupidatat excepteur officia. Velit id et mollit cupidatat cillum elit dolor fugiat pariatur. Deserunt non eu consectetur duis ex consectetur duis eu proident.",
      "tags": [
        "sit",
        "consectetur",
        "aute"
      ]
    },
    {
      "requester_id": 8,
      "assignee_id": 9,
      "subject": "veniam ea eu minim aute",
      "description": "Ex non officia in ullamco veniam fugiat cupidatat id aute. Quis minim et quis laborum excepteur. Non officia quis tempor quis nisi et. Aliqua tempor voluptate nulla esse sint. Id nulla consequat sint eiusmod nisi.\n\nCupidatat anim magna qui aliquip. Anim deserunt sint incididunt labore aliquip. Reprehenderit magna deserunt reprehenderit irure Lorem nulla est officia cupidatat in. Dolore ullamco veniam proident consectetur amet ad nulla amet commodo enim occaecat. Sint fugiat dolor aliqua proident. Ex enim eu pariatur qui officia cupidatat adipisicing esse qui fugiat. Do mollit quis cillum quis qui occaecat labore.",
      "tags": [
        "aute",
        "ad",
        "et"
      ]
    },
    {
      "requester_id": 9,
      "assignee_id": 5,
      "subject": "magna reprehenderit nisi est cillum",
      "description": "Sit sit consequat magna aliquip officia qui. Fugiat amet id dolor sint exercitation sit. Eiusmod ex eiusmod voluptate voluptate est amet non culpa minim enim minim. Eiusmod fugiat veniam duis eiusmod sint laborum ex amet occaecat.\n\nNostrud consequat officia tempor amet eu. Non adipisicing dolore amet minim id consequat labore irure in esse et aliqua pariatur. Aliquip aliqua id ipsum amet laboris exercitation sunt cillum est et est. Tempor amet qui do dolore fugiat ad id nulla ullamco dolore tempor irure deserunt magna. Ipsum voluptate aliquip ut ad in pariatur adipisicing occaecat ea excepteur Lorem enim exercitation. Lorem sunt officia voluptate pariatur labore esse nostrud ullamco irure sit. Voluptate exercitation do aliquip eu consectetur.",
      "tags": [
        "magna",
        "aliquip",
        "non"
      ]
    },
    {
      "requester_id": 10,
      "assignee_id": 5,
      "subject": "quis veniam ad sunt non",
      "description": "Magna culpa velit duis nisi sint veniam nisi adipisicing aute. Eiusmod id cupidatat pariatur tempor esse do. Aliquip ipsum voluptate eiusmod mollit. Et ullamco consectetur tempor cillum sunt anim enim cillum reprehenderit cillum proident. Eu aliqua excepteur eiusmod non ullamco aliqua esse laboris ad commodo reprehenderit pariatur consequat est.\n\nVoluptate eiusmod officia culpa nulla culpa mollit reprehenderit cillum adipisicing sit consectetur in. Anim occaecat excepteur commodo officia aute voluptate excepteur do ut esse occaecat duis consequat. Sunt minim est in non exercitation ad minim ullamco dolore in enim mollit aliquip. Ut ex dolore proident Lorem ut dolor ex. Laboris elit in in mollit. Quis id minim ex ad qui velit.",
      "tags": [
        "aliquip",
        "consequat",
        "magna"
      ]
    },
    {
      "requester_id": 11,
      "assignee_id": 2,
      "subject": "tempor aliquip sint dolore incididunt",
      "description": "Amet sint ea minim excepteur amet. Eiusmod duis ad ea ad aliquip occaecat ea voluptate sunt cillum duis aute. Esse in duis tempor et. Est duis nulla irure ullamco amet sit esse Lorem eu aliqua ullamco sunt. In sint dolore id eu ea.\n\nIrure proident nulla deserunt officia laboris culpa. Qui est adipisicing elit tempor cupidatat minim laborum ea est nostrud nulla mollit id dolore. Aute amet amet deserunt incididunt magna ipsum exercitation nostrud incididunt ea qui anim. Adipisicing irure commodo consectetur Lorem ad excepteur nulla eiusmod aliquip irure occaecat. Id sint fugiat proident Lorem est minim ea sint irure. Veniam sint ex minim duis est.",
      "tags": [
        "ad",
        "non",
        "minim"
      ]
    },
    {
      "requester_id": 12,
      "assignee_id": 2,
      "subject": "labore pariatur ut laboris laboris",
      "description": "Quis veniam consectetur ullamco aute incididunt eiusmod ut consectetur sunt laboris sint officia labore. Incididunt sit elit ipsum esse excepteur veniam Lorem excepteur amet amet tempor officia. Magna reprehenderit voluptate elit adipisicing consectetur laboris eu nisi ad excepteur adipisicing non duis proident.\n\nAliqua sunt ea dolor dolor elit occaecat. Aliqua reprehenderit commodo minim eu exercitation incididunt consectetur. Eiusmod anim ad adipisicing et ullamco id incididunt.",
      "tags": [
        "culpa",
        "dolor",
        "eiusmod"
      ]
    },
    {
      "requester_id": 13,
      "assignee_id": 3,
      "subject": "officia mollit aliqua eu nostrud",
      "description": "Fugiat magna dolor ipsum dolor ex qui commodo deserunt veniam aliqua qui ex. Consequat est duis velit eu id labore id dolor sint laboris. Minim nisi sint aliquip nisi cillum magna deserunt non cupidatat est. Exercitation ea pariatur ipsum non pariatur dolor velit laboris dolore irure reprehenderit ut.\n\nAmet et officia eiusmod adipisicing. Amet ut ut tempor cillum aliqua elit mollit mollit. Exercitation commodo culpa adipisicing aute voluptate consectetur ut est ea quis aliquip duis excepteur. Anim quis quis occaecat fugiat occaecat. Non et deserunt anim eu anim non laborum ex tempor. Tempor aute reprehenderit minim consequat elit minim. Aliqua in laboris culpa excepteur qui enim excepteur cillum commodo eiusmod eu enim do ullamco.",
      "tags": [
        "irure",
        "cillum",
        "fugiat"
      ]
    },
    {
      "requester_id": 14,
      "assignee_id": 5,
      "subject": "do incididunt incididunt quis anim",
      "description": "Lorem sit mollit qui ad culpa do commodo ipsum. Labore elit cillum irure mollit est est cupidatat consectetur commodo laborum qui cupidatat. Ullamco minim veniam est laboris aliquip consectetur voluptate.\n\nSunt anim aute culpa mollit culpa veniam eiusmod sunt proident. Ea pariatur esse occaecat aute exercitation quis ut quis ullamco nisi exercitation non commodo. Voluptate mollit consequat velit veniam eiusmod culpa proident occaecat. Labore exercitation enim culpa eu labore proident exercitation ex culpa Lorem deserunt nulla nostrud.",
      "tags": [
        "veniam",
        "exercitation",
        "officia"
      ]
    },
    {
      "requester_id": 15,
      "assignee_id": 3,
      "subject": "tempor magna anim ea id",
      "description": "Anim laborum deserunt cillum minim elit commodo sunt ullamco sint laborum exercitation sunt eiusmod commodo. Proident labore culpa anim elit culpa reprehenderit. Ullamco aute cillum dolor sit quis ullamco. Esse labore labore velit dolor. Velit voluptate proident amet incididunt cillum incididunt aliquip commodo quis officia.\n\nIrure non laborum in enim laborum dolore irure amet anim irure adipisicing. Ex culpa fugiat commodo quis sunt Lorem sit commodo ullamco pariatur sit proident. Enim esse voluptate labore consequat ipsum cupidatat elit anim nisi minim.",
      "tags": [
        "reprehenderit",
        "laborum",
        "id"
      ]
    },
    {
      "requester_id": 16,
      "assignee_id": 3,
      "subject": "exercitation sit incididunt magna laboris",
      "description": "Qui magna exercitation labore occaecat dolor duis officia pariatur do amet nulla laboris ex. Amet qui laboris esse non quis. Eu anim ex sunt ut. Veniam nulla amet ea pariatur consequat elit fugiat nulla minim voluptate tempor sunt et sit. Esse exercitation officia aliqua labore eiusmod. Cillum duis veniam voluptate elit quis sunt commodo sunt. Nulla consectetur id laboris aute laborum culpa exercitation sit commodo.\n\nIn officia pariatur anim in consequat ex. Do magna labore esse elit sit est excepteur aliquip est sint. Nulla aute aliquip officia cillum tempor incididunt voluptate proident mollit dolore ullamco. Deserunt adipisicing cillum in ea Lorem elit.",
      "tags": [
        "proident",
        "tempor",
        "non"
      ]
    },
    {
      "requester_id": 17,
      "assignee_id": 7,
      "subject": "laborum ea ut in cupidatat",
      "description": "Id commodo nisi velit irure et ad occaecat. Labore magna ex sint ut commodo ullamco et. Non aliqua aliquip et do irure. Consequat consectetur sit cupidatat est non laboris. Id pariatur ipsum aliqua sunt labore proident cillum occaecat mollit.\n\nNulla mollit anim ea culpa tempor id aliqua quis sit dolor esse ipsum. Adipisicing nisi irure mollit voluptate nisi ut laboris cillum velit qui. Incididunt excepteur sint magna eiusmod minim adipisicing consectetur consequat deserunt commodo et pariatur.",
      "tags": [
        "commodo",
        "sunt",
        "exercitation"
      ]
    },
    {
      "requester_id": 18,
      "assignee_id": 2,
      "subject": "est fugiat labore pariatur esse",
      "description": "Tempor id commodo ut eu. Ipsum ut velit deserunt ad minim ullamco aliquip eu eiusmod veniam. Elit nostrud Lorem aute nisi commodo in aliquip elit nisi ea. Magna mollit incididunt consequat elit proident adipisicing et anim enim. Sint ipsum ullamco duis tempor nostrud veniam. Anim quis irure ullamco reprehenderit nostrud id reprehenderit anim. Nulla id do ullamco nisi.\n\nCommodo laborum excepteur ad ut ipsum fugiat tempor nostrud officia. Consequat non adipisicing et anim dolore magna aliquip cillum Lorem. Pariatur veniam do esse magna excepteur ex officia quis sit amet ut in et amet. Ipsum est dolore do consectetur ut mollit proident sit aute labore veniam nulla velit anim.",
      "tags": [
        "veniam",
        "reprehenderit",
        "dolore"
      ]
    },
    {
      "requester_id": 19,
      "assignee_id": 1,
      "subject": "commodo sint laboris est et",
      "description": "Enim qui elit minim cillum qui nisi deserunt ex excepteur nulla ex sint ut adipisicing. Lorem labore nulla non id aliquip ex excepteur est excepteur. Eu reprehenderit culpa consequat voluptate ullamco aute consequat.\n\nReprehenderit laborum deserunt minim exercitation anim officia ullamco duis anim. Officia adipisicing cillum aliquip exercitation do. Deserunt velit aute excepteur sit elit consequat reprehenderit occaecat nostrud quis consectetur ut. Voluptate mollit reprehenderit veniam qui cillum duis commodo exercitation enim cupidatat sunt voluptate velit non. Id pariatur aliqua in ipsum anim culpa non consectetur occaecat ut. Ex ex adipisicing ut sint mollit nisi consequat aute excepteur.",
      "tags": [
        "excepteur",
        "sunt",
        "ut"
      ]
    },
    {
      "requester_id": 20,
      "assignee_id": 2,
      "subject": "laboris sint Lorem ex Lorem",
      "description": "Occaecat eu exercitation deserunt proident occaecat officia esse commodo aliqua pariatur dolor tempor sit. Nisi est eu excepteur ullamco in. Irure ut reprehenderit dolore tempor do laboris voluptate minim aliqua cupidatat.\n\nSint dolore veniam sit fugiat elit aute proident adipisicing laborum deserunt aliquip officia magna. Fugiat in nisi aliquip occaecat duis commodo id. Sit tempor voluptate ullamco labore nostrud enim enim tempor mollit reprehenderit tempor ea. Adipisicing ex ullamco nulla cillum excepteur incididunt aliquip mollit ullamco occaecat. In excepteur deserunt reprehenderit ut adipisicing ad. Adipisicing ea esse officia est. Cillum mollit dolore incididunt est qui adipisicing ea irure sint cillum nostrud ad.",
      "tags": [
        "duis",
        "minim",
        "commodo"
      ]
    },
    {
      "requester_id": 21,
      "assignee_id": 9,
      "subject": "esse adipisicing consectetur sunt tempor",
      "description": "Anim occaecat nisi et velit fugiat tempor incididunt cillum nostrud ut sunt cupidatat ipsum. Tempor adipisicing elit consectetur culpa. Ad dolor velit consectetur tempor commodo est ipsum cillum incididunt esse ad ex velit. Proident eu esse eiusmod nulla mollit eu cupidatat consectetur consectetur exercitation reprehenderit laborum adipisicing do.\n\nLorem ad aliquip veniam nisi exercitation sit. Fugiat reprehenderit eu do officia commodo ea cillum et sunt laborum nostrud in. Dolore eu ad qui eu labore qui pariatur id. Et enim amet magna quis mollit qui. Esse laboris id voluptate do. Sunt mollit dolore proident fugiat minim mollit culpa esse minim sint ut consectetur occaecat. Incididunt culpa non nulla veniam ea laborum aliqua tempor nulla ea.",
      "tags": [
        "nulla",
        "occaecat",
        "consectetur"
      ]
    },
    {
      "requester_id": 22,
      "assignee_id": 6,
      "subject": "sunt enim pariatur id id",
      "description": "Ut officia ut elit non velit nisi quis adipisicing consequat nostrud occaecat cillum. Do exercitation nulla officia consequat est velit eu id in et. Nulla culpa ullamco minim aliquip nisi ad ex. Qui aliquip ut esse ipsum magna do ipsum esse voluptate magna nisi sint ex. Laborum commodo culpa laboris quis incididunt. In enim dolore ad sunt aliquip nulla aliqua aute et amet ut veniam labore. Consectetur eiusmod et aliquip proident est Lorem proident nostrud esse eu consequat excepteur.\n\nExercitation duis labore irure deserunt reprehenderit do non. Incididunt dolore do nisi consectetur mollit anim in. Do dolor dolor amet enim et quis voluptate elit magna non laboris. Enim enim ea occaecat minim mollit velit id exercitation ea officia incididunt proident. Dolore fugiat esse Lorem amet consequat magna laborum fugiat. Id aliqua labore consequat laborum cillum fugiat incididunt non do ipsum.",
      "tags": [
        "eu",
        "pariatur",
        "tempor"
      ]
    },
    {
      "requester_id": 23,
      "assignee_id": 10,
      "subject": "et ad ut enim labore",
      "description": "Consectetur dolore in minim anim reprehenderit do labore commodo officia ad ipsum amet quis ipsum. Amet ad dolor minim sint excepteur adipisicing exercitation elit. Non aliquip commodo voluptate sint veniam et ipsum magna occaecat do consequat incididunt magna do. Pariatur proident aliquip veniam dolore occaecat voluptate excepteur fugiat consequat in. Dolor ullamco ea cupidatat nostrud. Deserunt deserunt aliqua elit aute qui elit et in. Mollit cupidatat culpa officia ad qui deserunt tempor sint reprehenderit proident consectetur amet aliquip.\n\nAdipisicing sunt consequat labore ad ut elit anim minim esse Lorem non qui consequat. Dolore anim adipisicing ullamco nisi anim ipsum nulla magna proident nisi nulla ea. Ullamco duis nisi aliquip pariatur nulla ad occaecat.",
      "tags": [
        "dolor",
        "officia",
        "aliqua"
      ]
    },
    {
      "requester_id": 24,
      "assignee_id": 1,
      "subject": "voluptate dolor deserunt ea deserunt",
      "description": "Consectetur eiusmod pariatur ullamco voluptate irure sunt magna cillum velit irure commodo culpa ipsum in. Nulla non exercitation dolor quis minim deserunt ad consequat officia ullamco irure consectetur anim mollit. Cupidatat exercitation cillum excepteur culpa consectetur ad adipisicing exercitation est amet ullamco id eiusmod tempor. Aliqua quis irure culpa tempor mollit veniam. Fugiat aliquip duis non sit id eu ea anim sit ea aliqua et dolor.\n\nCulpa culpa culpa id proident dolor magna ipsum dolor irure mollit proident culpa. Officia Lorem veniam dolor sit commodo id consequat ex qui enim veniam. Laboris velit excepteur sit sit anim nulla exercitation.",
      "tags": [
        "est",
        "labore",
        "do"
      ]
    },
    {
      "requester_id": 25,
      "assignee_id": 8,
      "subject": "in labore quis mollit mollit",
      "description": "Dolor sit deserunt amet enim et in esse exercitation culpa ipsum adipisicing magna sunt. Commodo consequat magna irure enim dolor dolore consectetur est. Nisi do commodo consequat fugiat. Id cupidatat sit velit commodo. Sunt eu ex consectetur ut excepteur fugiat. Do ut amet ea fugiat esse cillum esse.\n\nDolore ex ipsum eu consectetur qui Lorem ad ex consectetur quis culpa cupidatat. Veniam reprehenderit qui ea sint ullamco dolore voluptate dolor veniam culpa. Ex sint sit irure pariatur eu. Minim non ea officia officia. Magna irure esse do Lorem pariatur tempor fugiat voluptate tempor laboris cupidatat voluptate Lorem velit. Proident consectetur velit Lorem laboris dolore non velit do est.",
      "tags": [
        "amet",
        "aliquip",
        "sint"
      ]
    },
    {
      "requester_id": 26,
      "assignee_id": 3,
      "subject": "ut magna eiusmod magna nostrud",
      "description": "Ex fugiat eu esse cupidatat consequat ipsum reprehenderit officia. Nisi elit nulla velit tempor ipsum reprehenderit ipsum ipsum occaecat sit. Minim laboris et qui eiusmod deserunt reprehenderit. Incididunt voluptate commodo veniam minim commodo ullamco aliqua. Ex officia fugiat voluptate dolor nisi exercitation in do ad cupidatat. Velit laboris ullamco occaecat incididunt irure. Id anim officia dolor non ut sit consectetur.\n\nEa ex occaecat sunt in culpa aliquip. Id est nulla ad culpa voluptate irure adipisicing ipsum voluptate nulla ad. Ullamco culpa consectetur et id irure nulla incididunt. Do voluptate esse tempor laboris reprehenderit ea officia esse mollit.",
      "tags": [
        "elit",
        "sint",
        "voluptate"
      ]
    },
    {
      "requester_id": 27,
      "assignee_id": 6,
      "subject": "magna consequat ut ullamco magna",
      "description": "Labore eu incididunt sit ut anim veniam tempor. Qui in cillum laboris commodo. Aliquip reprehenderit ad duis in proident. Ea officia ex elit sint. Enim ut dolor amet tempor amet minim esse. Ipsum exercitation duis officia veniam incididunt in irure tempor sit dolore anim eiusmod aute. Eu velit reprehenderit culpa incididunt ea incididunt duis eu fugiat consectetur id reprehenderit.\n\nDuis aliquip reprehenderit laborum consequat ullamco id ipsum cupidatat dolore mollit amet ea sit ex. In nisi id id excepteur incididunt consectetur. Sint eiusmod ea incididunt sit aute veniam labore sit eu anim ullamco laboris sit non. Consectetur voluptate ex duis Lorem consequat.",
      "tags": [
        "quis",
        "pariatur",
        "elit"
      ]
    },
    {
      "requester_id": 28,
      "assignee_id": 3,
      "subject": "irure pariatur aliquip dolore esse",
      "description": "Pariatur aute duis tempor aliquip eu dolore excepteur aute occaecat occaecat Lorem ea. Ut id ex sunt ea do fugiat fugiat elit eiusmod occaecat sunt irure. In reprehenderit enim qui dolore irure sunt officia labore incididunt reprehenderit adipisicing ex. Labore est occaecat exercitation ut qui enim officia et anim commodo incididunt nulla. Laborum ullamco eiusmod ullamco dolor labore amet duis aliquip tempor ut. Velit excepteur eiusmod nulla enim et veniam quis. Id anim laboris commodo ipsum est cillum enim.\n\nDolor non culpa labore sit velit nulla anim ut deserunt culpa labore officia qui. Deserunt qui adipisicing anim dolore excepteur tempor. Ullamco ullamco fugiat sit veniam nulla labore Lorem laboris dolor. Consectetur duis in velit eiusmod ipsum velit consectetur eiusmod magna reprehenderit aliquip.",
      "tags": [
        "fugiat",
        "labore",
        "eiusmod"
      ]
    },
    {
      "requester_id": 29,
      "assignee_id": 9,
      "subject": "officia esse nostrud est exercitation",
      "description": "Pariatur tempor dolor eiusmod consectetur dolor sit. Fugiat aute duis exercitation proident velit exercitation duis elit voluptate consectetur nostrud consectetur veniam dolore. Non et mollit exercitation Lorem. Tempor dolore velit adipisicing nulla et laboris veniam consequat ullamco Lorem. Et mollit sunt sint nostrud dolor sint eiusmod nulla labore sint enim incididunt. Velit excepteur velit non fugiat deserunt cillum.\n\nAd cillum excepteur magna culpa. Fugiat occaecat aliqua eu quis culpa irure fugiat exercitation. Aliquip amet id nulla ut reprehenderit occaecat magna aliqua incididunt. Non mollit consequat aliquip aute do cupidatat mollit consequat velit dolore. Aliqua quis incididunt enim in et. Eiusmod ad officia veniam reprehenderit quis aute officia esse consequat ut tempor commodo. Ullamco ex aliqua nostrud mollit duis nisi eiusmod adipisicing.",
      "tags": [
        "cupidatat",
        "excepteur",
        "velit"
      ]
    },
    {
      "requester_id": 30,
      "assignee_id": 1,
      "subject": "aute ipsum sint exercitation labore",
      "description": "Laborum non est nulla consequat culpa laborum occaecat ex do. Ullamco eiusmod fugiat veniam reprehenderit dolor elit qui esse cillum qui aute elit duis. Qui occaecat fugiat tempor do voluptate fugiat cillum nisi. Ut esse eu laborum id eiusmod nisi laboris sit dolor id ad.\n\nNisi nisi occaecat sint aute est. Et ipsum labore sit exercitation in aliquip ullamco ex eiusmod ut exercitation Lorem occaecat ullamco. Irure consectetur sit exercitation proident labore adipisicing in sunt excepteur consectetur adipisicing ullamco quis.",
      "tags": [
        "eiusmod",
        "irure",
        "sint"
      ]
    },
    {
      "requester_id": 31,
      "assignee_id": 10,
      "subject": "velit irure elit incididunt non",
      "description": "Fugiat ad qui in incididunt duis exercitation veniam. Cupidatat elit ex mollit sunt ullamco magna voluptate ea Lorem anim cupidatat Lorem ullamco pariatur. Id ex et aliquip proident ut quis dolore labore anim id dolore minim. Aliqua dolor pariatur in id veniam do nostrud cillum consequat consequat non veniam ea. Ut cupidatat ex fugiat cupidatat.\n\nAliqua fugiat dolore magna occaecat proident adipisicing anim aute tempor eiusmod ad Lorem reprehenderit non. Ut eu aliquip eu nostrud aute mollit tempor sit dolor aliquip duis eiusmod veniam. Ullamco tempor tempor in cillum dolore esse tempor nostrud qui ullamco. Do culpa sit sunt deserunt voluptate enim eiusmod veniam. Amet fugiat esse amet aute velit reprehenderit magna incididunt. Ea non elit magna ad fugiat duis Lorem ea. Sint amet qui ea sit Lorem ullamco laborum est deserunt nisi proident eu eiusmod voluptate.",
      "tags": [
        "consequat",
        "cupidatat",
        "occaecat"
      ]
    },
    {
      "requester_id": 32,
      "assignee_id": 8,
      "subject": "fugiat non aliqua irure aliquip",
      "description": "Culpa non laboris voluptate consequat aute tempor eu quis cupidatat. Sit nulla voluptate non incididunt deserunt nisi sit dolore voluptate excepteur sunt et nisi sint. Sint elit adipisicing veniam dolore sunt sit qui deserunt reprehenderit voluptate exercitation est ex velit.\n\nNisi veniam eiusmod officia sunt est duis proident ea est veniam laboris esse labore laboris. Dolore elit nisi ex sunt id commodo. Minim nostrud commodo incididunt exercitation ullamco nisi reprehenderit Lorem tempor ut incididunt in esse. Excepteur dolore voluptate fugiat officia sint in aliquip nulla irure. Voluptate est commodo anim minim officia anim quis ex do culpa eiusmod quis officia ullamco.",
      "tags": [
        "mollit",
        "est",
        "nostrud"
      ]
    },
    {
      "requester_id": 33,
      "assignee_id": 2,
      "subject": "proident esse ut velit labore",
      "description": "Minim tempor sunt aliqua ullamco esse sunt est voluptate non consequat ipsum. Sint magna esse officia consequat laboris ex duis ex consequat. Sit aliquip excepteur non amet mollit ea commodo incididunt nostrud aliquip amet. Commodo exercitation culpa esse eu reprehenderit dolor commodo eu. Proident ipsum laborum incididunt velit anim consequat id ullamco occaecat laboris velit elit commodo commodo.\n\nLaborum nulla officia consequat laboris velit irure nisi reprehenderit quis id ad amet aliquip. Non in in elit aliquip excepteur exercitation anim Lorem reprehenderit sunt voluptate. Culpa labore est reprehenderit culpa enim.",
      "tags": [
        "quis",
        "sint",
        "dolor"
      ]
    },
    {
      "requester_id": 34,
      "assignee_id": 4,
      "subject": "laboris et proident qui enim",
      "description": "Aliqua ea sunt deserunt tempor eu exercitation aliqua ex dolor nulla. Nostrud proident incididunt commodo adipisicing. Ad eu sint minim velit tempor eu exercitation. Dolore nulla sint nostrud in.\n\nLorem occaecat qui culpa cillum. Labore ex tempor consequat labore eu non sint id esse et proident quis sint aliqua. Anim ad quis culpa officia est adipisicing nostrud tempor nulla aute ex laboris. Fugiat officia voluptate voluptate cillum ut.",
      "tags": [
        "officia",
        "laboris",
        "pariatur"
      ]
    },
    {
      "requester_id": 35,
      "assignee_id": 3,
      "subject": "in id consequat dolore enim",
      "description": "Eu sit veniam aute enim minim culpa quis. Adipisicing amet est quis duis laborum elit nostrud cupidatat. Amet amet voluptate culpa culpa.\n\nAmet amet nulla excepteur ut incididunt veniam consequat id commodo. Anim veniam id elit ut sunt amet et eiusmod esse deserunt nostrud. Irure sint do tempor voluptate esse proident ut. Qui culpa quis aliquip cillum dolor officia commodo consectetur dolore incididunt qui culpa. Reprehenderit veniam duis tempor culpa qui officia nisi.",
      "tags": [
        "fugiat",
        "occaecat",
        "non"
      ]
    },
    {
      "requester_id": 36,
      "assignee_id": 7,
      "subject": "enim duis deserunt ipsum ad",
      "description": "Nisi tempor aliqua eiusmod veniam esse Lorem ut occaecat officia consequat. Consequat laborum est nulla esse commodo aute officia laboris ex non minim ipsum dolore irure. Ea exercitation consequat esse ea cupidatat cupidatat quis minim. Nisi quis laboris laboris irure nostrud.\n\nVoluptate officia exercitation officia adipisicing eu irure exercitation velit cupidatat elit veniam eiusmod commodo aliquip. Fugiat qui ullamco culpa veniam ullamco sint deserunt exercitation ipsum velit consequat veniam aliquip ipsum. Dolor sunt quis reprehenderit ex velit deserunt. Culpa exercitation id in incididunt eiusmod velit non commodo consequat dolor labore aute dolore ad. Minim amet amet ea sit tempor nostrud commodo.",
      "tags": [
        "ad",
        "duis",
        "nulla"
      ]
    },
    {
      "requester_id": 37,
      "assignee_id": 10,
      "subject": "ipsum ex id minim eu",
      "description": "Anim laborum aliquip ea et enim do voluptate do et ipsum aliqua. Proident do commodo sunt magna laborum. Ullamco id aliqua in in labore reprehenderit eiusmod proident. Incididunt sunt consequat irure ea incididunt aliquip. Exercitation culpa enim fugiat ullamco amet elit non labore ea nostrud mollit. Commodo ut cupidatat culpa qui adipisicing eiusmod voluptate magna reprehenderit occaecat cupidatat pariatur sunt. Eu voluptate velit ullamco cupidatat adipisicing est sunt sit sint Lorem dolor pariatur excepteur.\n\nQui ut quis exercitation aliquip laborum ea Lorem proident labore. Quis consequat magna cillum incididunt nisi sint aliquip aliqua eu consequat reprehenderit. Nostrud quis amet aliqua sint. Irure irure sint veniam proident est occaecat. Excepteur sunt adipisicing consequat minim nulla non amet eu cillum. Pariatur consequat ad mollit pariatur sunt quis occaecat do excepteur qui ipsum proident in elit.",
      "tags": [
        "qui",
        "tempor",
        "labore"
      ]
    },
    {
      "requester_id": 38,
      "assignee_id": 3,
      "subject": "incididunt mollit pariatur esse esse",
      "description": "Enim cupidatat sint cillum occaecat et duis dolore do eu esse amet incididunt et adipisicing. Deserunt veniam et duis nostrud dolor minim nisi eu exercitation nostrud. Aliquip labore ad deserunt consequat et nostrud.\n\nNisi enim adipisicing nisi tempor incididunt elit. Eiusmod ullamco eiusmod veniam eiusmod ad aute eiusmod ea adipisicing non cillum enim. Cupidatat nisi ipsum consequat adipisicing eu proident occaecat cupidatat aliqua. Cupidatat Lorem nisi ad cupidatat labore. Qui enim dolor excepteur magna. Commodo magna duis laboris do nulla consectetur.",
      "tags": [
        "elit",
        "mollit",
        "ex"
      ]
    },
    {
      "requester_id": 39,
      "assignee_id": 1,
      "subject": "sit pariatur nisi reprehenderit sit",
      "description": "In irure culpa elit reprehenderit velit ex excepteur sunt labore excepteur dolore mollit eiusmod incididunt. Laborum magna exercitation voluptate sit dolor adipisicing nisi adipisicing est aute ut do. Exercitation ea officia do ut quis consectetur. Sit veniam voluptate occaecat exercitation voluptate excepteur sint amet commodo. Velit ipsum veniam ad nulla dolore.\n\nExcepteur veniam officia est occaecat velit. Excepteur adipisicing aute officia occaecat et et irure qui. Ipsum deserunt aute minim velit ut aute est proident sint laboris. Id nulla fugiat sint Lorem dolore sunt duis in incididunt magna officia ut et tempor. In consectetur fugiat cillum nulla exercitation in commodo deserunt sunt nisi excepteur irure velit.",
      "tags": [
        "amet",
        "anim",
        "cupidatat"
      ]
    },
    {
      "requester_id": 40,
      "assignee_id": 3,
      "subject": "amet ipsum amet laborum sit",
      "description": "Eu aute minim ullamco laborum mollit magna id laboris. Dolor do laborum aliquip cupidatat. Magna cupidatat tempor do magna aliqua laborum consequat laborum consequat ex laborum dolor eu. Minim aliquip do est et pariatur duis aute ad veniam nostrud. Tempor anim ipsum esse fugiat labore veniam ex. Tempor ad nostrud officia deserunt consequat culpa sint magna.\n\nMagna elit sit ipsum sint. Lorem et consectetur ipsum laborum laboris duis pariatur id reprehenderit id. Non pariatur incididunt culpa ipsum sint excepteur duis aliquip. Consectetur anim exercitation dolor magna occaecat eiusmod officia eu consectetur ex. Velit incididunt ullamco tempor adipisicing sint sunt fugiat anim eu minim fugiat proident.",
      "tags": [
        "nulla",
        "eu",
        "reprehenderit"
      ]
    },
    {
      "requester_id": 41,
      "assignee_id": 1,
      "subject": "ut anim tempor voluptate deserunt",
      "description": "Anim incididunt aute duis consectetur. Cillum dolore pariatur cillum occaecat sint occaecat ex ullamco mollit. Consectetur duis aliquip nostrud consequat cupidatat esse proident laborum proident est eiusmod.\n\nIpsum fugiat laborum exercitation irure et aute ea proident. Veniam cupidatat culpa veniam amet. Enim reprehenderit incididunt do proident et ipsum Lorem.",
      "tags": [
        "duis",
        "dolore",
        "Lorem"
      ]
    },
    {
      "requester_id": 42,
      "assignee_id": 9,
      "subject": "eu id magna aute occaecat",
      "description": "Proident veniam voluptate voluptate dolore id qui. Aliqua consequat duis minim sit nostrud commodo ut id. Quis nostrud occaecat laboris aute mollit labore Lorem aliquip dolor ipsum eiusmod sunt reprehenderit tempor. Exercitation sunt nostrud do incididunt eiusmod magna dolor.\n\nElit mollit mollit reprehenderit voluptate est minim et culpa mollit incididunt magna est. Laboris labore excepteur ex consequat. Nulla deserunt dolor minim pariatur irure esse in anim nisi pariatur eiusmod elit excepteur. Sunt ullamco id velit qui veniam duis est sit Lorem. Dolore sit culpa sint ad ullamco laboris enim dolor consequat reprehenderit dolore laboris adipisicing nostrud. Duis aute aliquip deserunt aute aliquip proident cupidatat dolore ea cupidatat ad. Cupidatat ex excepteur Lorem sint duis esse consectetur commodo.",
      "tags": [
        "sunt",
        "adipisicing",
        "ad"
      ]
    },
    {
      "requester_id": 43,
      "assignee_id": 3,
      "subject": "velit in sit deserunt id",
      "description": "Tempor quis nostrud laborum voluptate ipsum nulla magna ullamco ut ipsum amet ad anim. Tempor esse nisi sint exercitation amet cupidatat excepteur do ad ullamco cillum proident ullamco. Reprehenderit anim id consequat ad nulla Lorem Lorem aliqua esse. Quis esse ad adipisicing pariatur nostrud consequat laboris excepteur ea nisi nulla anim. Sint est deserunt et aute enim. Irure adipisicing commodo cillum aliqua exercitation veniam consectetur magna ipsum.\n\nDolore duis consectetur ullamco officia reprehenderit. Non non mollit tempor minim pariatur laboris non enim eu ea eiusmod. Irure Lorem ex nulla ea aliquip fugiat velit fugiat et pariatur culpa elit. Non sit veniam Lorem officia. Laboris deserunt exercitation nisi commodo. Sit reprehenderit ex ipsum qui dolor sint esse aliquip dolor Lorem adipisicing.",
      "tags": [
        "incididunt",
        "pariatur",
        "anim"
      ]
    },
    {
      "requester_id": 44,
      "assignee_id": 10,
      "subject": "proident esse laboris officia pariatur",
      "description": "Cupidatat veniam eu ea cillum aliquip sint pariatur incididunt eiusmod est consectetur aliquip. Dolore id nisi occaecat est non ipsum irure. Cillum id irure ut fugiat consectetur. Ad deserunt anim mollit nulla deserunt anim nostrud esse pariatur nisi non. Pariatur esse velit labore exercitation deserunt et. Anim dolore laborum nisi qui sint Lorem ullamco ad nostrud.\n\nEnim enim ut aliqua ea ut est. Ipsum nulla tempor proident duis. Labore labore cupidatat et ex deserunt excepteur Lorem. Deserunt laboris cillum non est. Quis ullamco adipisicing sit ex aute nulla labore eu. Adipisicing sint nulla velit irure do cillum consectetur Lorem aliqua cupidatat.",
      "tags": [
        "id",
        "ullamco",
        "do"
      ]
    },
    {
      "requester_id": 45,
      "assignee_id": 9,
      "subject": "irure esse irure qui dolore",
      "description": "Laboris enim nisi laborum Lorem consequat minim. Do aliqua ut aute dolor do qui ut labore. Officia culpa nisi anim ut irure dolore incididunt cillum officia in eiusmod deserunt labore aute. Consectetur enim aute ut elit nulla minim ea exercitation ut do consectetur. Cillum aute commodo adipisicing excepteur laborum veniam tempor anim labore veniam.\n\nLorem labore occaecat non tempor velit non laborum ea reprehenderit eiusmod officia in ullamco quis. In ullamco occaecat consectetur elit cupidatat. Id laboris eiusmod fugiat ut deserunt nostrud nostrud id id dolore dolore consectetur ipsum. Veniam ea anim minim excepteur laborum. Eiusmod voluptate fugiat consequat sunt ea irure commodo esse ad minim non ex dolor cupidatat. Fugiat proident duis elit deserunt do dolor in minim non dolor exercitation aliquip.",
      "tags": [
        "qui",
        "mollit",
        "fugiat"
      ]
    },
    {
      "requester_id": 46,
      "assignee_id": 10,
      "subject": "officia voluptate sit sunt pariatur",
      "description": "Esse dolor qui laborum pariatur laboris nulla. Excepteur enim veniam voluptate do nostrud deserunt ullamco pariatur commodo culpa nisi laboris adipisicing. Adipisicing est velit aute consequat sint amet pariatur excepteur magna exercitation ipsum deserunt consequat. Deserunt irure aliquip mollit aute ea reprehenderit consequat nostrud qui ut eiusmod proident veniam cupidatat. Enim et eiusmod dolor aute sit ea nisi. Cillum eiusmod consectetur aliqua amet in aliqua. Ipsum dolore ea culpa minim sint reprehenderit eiusmod adipisicing ex fugiat Lorem fugiat eiusmod Lorem.\n\nPariatur culpa velit nulla irure adipisicing nisi commodo et elit velit incididunt aliqua. Cillum proident excepteur esse aliqua culpa consequat velit et. Proident ut cupidatat consequat pariatur amet sit cupidatat.",
      "tags": [
        "nostrud",
        "pariatur",
        "reprehenderit"
      ]
    },
    {
      "requester_id": 47,
      "assignee_id": 7,
      "subject": "sunt dolore excepteur laborum magna",
      "description": "Veniam est duis culpa fugiat laboris est nostrud incididunt laborum cillum do laboris. Labore quis excepteur exercitation deserunt proident est fugiat. Est reprehenderit labore adipisicing ipsum ad laborum in mollit dolor incididunt consequat veniam do anim.\n\nAd do eu do minim adipisicing ea anim. Dolore elit ipsum duis irure irure elit ut cillum Lorem ut. Veniam in dolore nostrud commodo nulla voluptate. Esse officia dolor esse pariatur elit do occaecat in ad. Cupidatat deserunt magna anim nostrud ea et. Excepteur enim laborum aliqua sunt culpa velit.",
      "tags": [
        "eiusmod",
        "ut",
        "officia"
      ]
    },
    {
      "requester_id": 48,
      "assignee_id": 10,
      "subject": "qui voluptate culpa do tempor",
      "description": "Laboris magna velit pariatur sint. Occaecat adipisicing officia nostrud sint culpa. Qui cillum consectetur qui nisi Lorem ex occaecat aute. Ullamco magna duis excepteur ipsum qui Lorem. Enim consectetur officia velit cupidatat.\n\nDeserunt cupidatat consectetur ipsum consequat. Sit duis cillum elit sit. Consequat non cupidatat labore ipsum dolor consequat irure proident minim do aute ex nisi veniam.",
      "tags": [
        "dolor",
        "amet",
        "magna"
      ]
    },
    {
      "requester_id": 49,
      "assignee_id": 3,
      "subject": "officia magna velit nostrud ullamco",
      "description": "Lorem ea id velit cupidatat exercitation qui exercitation proident exercitation reprehenderit. Et ea tempor consequat adipisicing eu Lorem officia aliquip voluptate est eiusmod ea dolor. Labore amet ea voluptate laboris minim excepteur officia et quis minim amet consectetur.\n\nLaboris enim fugiat do elit et incididunt. Aute mollit incididunt labore magna amet irure ea incididunt sunt aute pariatur. Proident anim officia dolore Lorem sit aliquip aute sit est reprehenderit anim ad in culpa. Anim laborum deserunt fugiat dolor ex ex non.",
      "tags": [
        "Lorem",
        "mollit",
        "sint"
      ]
    },
    {
      "requester_id": 50,
      "assignee_id": 4,
      "subject": "esse ut qui do aute",
      "description": "Ad sint consequat veniam consequat ipsum aliqua deserunt incididunt tempor do pariatur nisi. Qui minim in mollit laborum non qui consequat elit incididunt duis minim non ipsum. Laboris consequat nostrud occaecat ad sint anim commodo consequat aute adipisicing. Nisi cupidatat in et quis laboris officia aute veniam aliquip exercitation pariatur. Minim qui velit aliqua Lorem laboris magna consectetur excepteur. Exercitation quis et velit aliqua irure velit quis id consectetur quis. Consectetur incididunt laborum culpa et labore et ullamco nisi.\n\nEu quis dolor deserunt exercitation qui tempor Lorem reprehenderit eiusmod voluptate in dolore anim aute. Ad tempor elit reprehenderit qui eiusmod est est enim in ut nulla eiusmod laborum elit. Laborum velit aliqua do deserunt incididunt cupidatat deserunt elit Lorem sunt quis adipisicing. Veniam velit nulla exercitation eiusmod voluptate nostrud et ex voluptate. Ex ipsum dolore proident est quis. Sint esse officia mollit consequat commodo sunt labore ut ex velit anim aliquip minim incididunt.",
      "tags": [
        "do",
        "laborum",
        "ex"
      ]
    },
    {
      "requester_id": 51,
      "assignee_id": 1,
      "subject": "fugiat sunt do incididunt enim",
      "description": "Occaecat anim dolore enim ullamco ad enim excepteur officia anim ea. Labore irure fugiat non id veniam qui. Et et occaecat irure aute aute esse elit eu ut culpa. Aute ad proident elit aute ad exercitation elit qui qui quis sit. Proident pariatur tempor cillum magna veniam mollit ex occaecat est minim.\n\nCupidatat magna sit incididunt laboris sit commodo elit aute tempor do. Incididunt fugiat tempor enim et ullamco elit quis qui aliqua cillum sunt nulla. Quis et officia ipsum excepteur veniam. Minim exercitation nisi culpa ad adipisicing pariatur. Sunt voluptate officia officia laboris nulla consectetur duis pariatur anim ex minim. Esse consectetur commodo in laboris fugiat et reprehenderit dolore.",
      "tags": [
        "exercitation",
        "ea",
        "et"
      ]
    },
    {
      "requester_id": 52,
      "assignee_id": 8,
      "subject": "reprehenderit id non aliqua enim",
      "description": "Consequat ipsum deserunt eiusmod veniam id ex. Nulla consectetur et sit voluptate. Id qui Lorem amet laborum sunt aute reprehenderit minim fugiat deserunt deserunt dolor sint. Consectetur voluptate elit esse eiusmod magna. Exercitation nulla deserunt laborum dolor et voluptate fugiat minim. Lorem Lorem ullamco id Lorem ea officia ad laborum nulla consectetur.\n\nAdipisicing esse aute eiusmod laboris aute aliquip. Laboris irure eu velit exercitation qui ullamco veniam mollit esse aliquip consequat. In id voluptate amet in sunt aliquip. Nostrud consequat officia exercitation aliqua nostrud quis. Reprehenderit amet sint do ex mollit nulla enim in in ea elit Lorem.",
      "tags": [
        "ex",
        "culpa",
        "non"
      ]
    },
    {
      "requester_id": 53,
      "assignee_id": 2,
      "subject": "sint excepteur mollit excepteur aliqua",
      "description": "Adipisicing quis aute pariatur ullamco. Eiusmod dolore occaecat velit consequat aliqua officia eiusmod magna minim sint. Ut minim esse duis sint et. Eu magna minim eu velit tempor mollit non sit. Nostrud laborum non exercitation ad laborum culpa elit ea sunt.\n\nCupidatat ad et sit officia ut. Deserunt id elit ea velit esse pariatur magna mollit aliquip. Cillum qui sit sint ad incididunt sit duis. Consequat ad sit est officia. Exercitation dolor mollit laboris consequat cupidatat culpa ipsum officia. Incididunt laborum irure elit veniam ullamco veniam Lorem Lorem labore in esse commodo. Excepteur in minim proident ad aliquip cupidatat occaecat.",
      "tags": [
        "incididunt",
        "deserunt",
        "tempor"
      ]
    },
    {
      "requester_id": 54,
      "assignee_id": 1,
      "subject": "voluptate proident voluptate incididunt culpa",
      "description": "Sunt cupidatat ex commodo amet excepteur Lorem et laboris nisi dolore eiusmod eu occaecat nostrud. Lorem pariatur do amet elit. Do adipisicing amet aute tempor excepteur id eu duis incididunt eu. Officia ullamco fugiat enim tempor duis anim enim excepteur pariatur eu. Pariatur veniam voluptate magna adipisicing anim sint adipisicing amet est nostrud dolor ad. Pariatur proident aute commodo cillum irure nostrud nisi.\n\nConsequat mollit ad occaecat irure velit eu non ea nulla esse ut id velit. Non fugiat officia cillum culpa elit culpa commodo. Tempor consectetur nisi consectetur mollit culpa. Voluptate laboris minim deserunt consequat. Ex culpa pariatur esse ea mollit eu culpa ex. Veniam sunt sit aliquip id id. Qui consectetur enim pariatur aliquip eu pariatur excepteur dolor duis in occaecat sit.",
      "tags": [
        "consequat",
        "ea",
        "magna"
      ]
    },
    {
      "requester_id": 55,
      "assignee_id": 3,
      "subject": "aliqua sit quis cupidatat nisi",
      "description": "Reprehenderit sit qui consectetur veniam excepteur quis non labore ipsum nulla incididunt sit fugiat irure. Minim proident commodo ad minim irure esse consequat commodo ipsum irure nisi do et. Cupidatat esse Lorem aute veniam aliqua eiusmod magna aliqua ullamco tempor incididunt adipisicing laborum. Labore mollit enim dolor cillum irure ullamco non quis aliquip laboris amet. Exercitation aliquip Lorem ex nisi. Est consectetur aute elit in aliquip ullamco est magna pariatur deserunt culpa aliqua. Adipisicing labore id do ad irure nulla sunt pariatur sint aliquip dolor.\n\nIn aliquip amet non consectetur occaecat veniam ex culpa fugiat adipisicing. Voluptate ipsum consequat irure culpa mollit cupidatat ullamco nulla enim ut anim ea dolor. Deserunt eu eu enim aliquip laborum non adipisicing ipsum. Ad ut et reprehenderit nostrud elit. Id pariatur eiusmod officia duis aute amet deserunt ut reprehenderit reprehenderit fugiat exercitation. Ullamco dolore incididunt quis cupidatat quis nisi dolor dolore voluptate nostrud irure. Sunt irure in nisi non ullamco irure pariatur labore duis nulla.",
      "tags": [
        "ea",
        "sint",
        "eiusmod"
      ]
    },
    {
      "requester_id": 56,
      "assignee_id": 4,
      "subject": "et veniam ullamco consequat amet",
      "description": "Minim eiusmod laboris enim velit et culpa aliqua nulla Lorem dolor non occaecat ex veniam. Sit ullamco fugiat est Lorem cupidatat. Amet nisi magna nostrud anim qui elit pariatur elit.\n\nAnim tempor in aute mollit do deserunt consectetur officia et adipisicing officia quis. Dolore eiusmod deserunt aliquip et ipsum enim proident aliquip. Culpa minim non culpa pariatur culpa aliquip exercitation id esse exercitation reprehenderit nulla ad. Tempor quis nulla elit do labore. Veniam proident eiusmod magna est ipsum pariatur ipsum.",
      "tags": [
        "sit",
        "laborum",
        "ea"
      ]
    },
    {
      "requester_id": 57,
      "assignee_id": 3,
      "subject": "excepteur Lorem anim adipisicing deserunt",
      "description": "Anim nisi occaecat sint duis laborum qui cupidatat labore nulla tempor. Consequat duis reprehenderit aliqua aliqua velit cillum. Quis est anim et Lorem minim dolor enim sint duis irure. Dolor eiusmod incididunt in consectetur excepteur quis consectetur ad est aliqua ex aute. Consequat elit eu proident do duis duis aliqua do. Ex nisi laborum magna deserunt aliqua amet in.\n\nMinim anim minim ullamco laborum do ad. Esse qui fugiat sunt cupidatat Lorem tempor duis in voluptate voluptate aliqua qui est eu. Magna veniam duis officia commodo. Sint quis incididunt pariatur voluptate ex laborum ut tempor. Eiusmod nostrud ut labore ipsum deserunt laborum aute nulla eu cupidatat ad aliqua. Eu ipsum consequat labore voluptate cillum mollit.",
      "tags": [
        "ipsum",
        "veniam",
        "cupidatat"
      ]
    },
    {
      "requester_id": 58,
      "assignee_id": 5,
      "subject": "mollit tempor fugiat incididunt aliqua",
      "description": "Aute incididunt ullamco nulla dolor. Aute sit excepteur Lorem consequat voluptate magna veniam duis dolor Lorem. Fugiat ea nostrud nisi exercitation laborum esse. Nulla Lorem sunt consequat enim id minim tempor veniam id.\n\nPariatur eu consequat quis nisi cillum laborum tempor cillum consequat dolor ipsum ex enim. Nisi anim consequat ad eu proident elit occaecat dolore eiusmod anim enim. Commodo veniam non labore sit aliqua commodo.",
      "tags": [
        "nulla",
        "duis",
        "enim"
      ]
    },
    {
      "requester_id": 59,
      "assignee_id": 3,
      "subject": "cillum cillum mollit et deserunt",
      "description": "Eiusmod anim duis sunt enim sit eiusmod voluptate elit veniam irure labore. Elit ullamco aute in ad esse aliqua officia et adipisicing sint. Anim ipsum enim eu ullamco non deserunt excepteur nisi. Dolor adipisicing dolor enim dolor proident consectetur amet cillum. Mollit incididunt duis labore fugiat anim esse veniam aute duis.\n\nVelit proident ad dolore consequat ipsum in cupidatat dolore reprehenderit. Incididunt adipisicing commodo officia et ut consequat reprehenderit nulla cillum cupidatat voluptate occaecat. Aute velit ullamco nisi commodo quis quis. Consectetur cupidatat fugiat nulla duis velit est non eiusmod qui ut.",
      "tags": [
        "enim",
        "reprehenderit",
        "laboris"
      ]
    },
    {
      "requester_id": 60,
      "assignee_id": 3,
      "subject": "nulla adipisicing occaecat mollit voluptate",
      "description": "Et elit velit proident culpa nulla sint ullamco minim aute. Dolore in aliqua velit in aliquip ea. Amet adipisicing ea officia dolor esse reprehenderit exercitation esse magna.\n\nVoluptate dolor reprehenderit id labore fugiat ullamco enim dolore duis. Et proident dolore do ad enim ad incididunt et nulla cupidatat excepteur in labore. Eiusmod dolor nisi irure ut exercitation sit. Aliqua exercitation fugiat eiusmod aliqua proident duis excepteur minim deserunt in consectetur. Veniam dolor pariatur reprehenderit cillum aute aliqua eiusmod ex qui deserunt eu qui magna aliqua. Velit exercitation cillum excepteur est veniam duis anim.",
      "tags": [
        "consectetur",
        "mollit",
        "duis"
      ]
    },
    {
      "requester_id": 61,
      "assignee_id": 2,
      "subject": "quis nulla minim labore aliquip",
      "description": "Esse minim nisi pariatur ut excepteur tempor veniam nulla magna duis amet. Et cillum proident ullamco ad in cupidatat. Officia excepteur et Lorem occaecat ut nisi mollit non exercitation non elit. Anim ad quis dolor deserunt quis. Ex qui tempor nulla incididunt exercitation veniam qui amet laborum anim do aliqua.\n\nLabore cupidatat Lorem esse est ad nulla aute mollit sunt do consequat adipisicing ipsum ut. Sit anim ex nostrud elit occaecat. Adipisicing eiusmod pariatur ipsum elit aliqua cillum. Commodo non mollit sunt aute laborum incididunt aute anim enim ut ullamco aute. Commodo esse consequat nostrud deserunt aute nulla non nisi aliqua minim tempor nisi proident cupidatat.",
      "tags": [
        "deserunt",
        "labore",
        "ipsum"
      ]
    },
    {
      "requester_id": 62,
      "assignee_id": 3,
      "subject": "laboris eu laborum aute fugiat",
      "description": "Minim incididunt est laboris in dolore ad laborum aliqua laboris mollit officia. Aute exercitation aliquip proident velit minim ut enim. Occaecat cupidatat minim commodo exercitation sint consequat ut. Ipsum commodo non nisi laborum occaecat consectetur nostrud ut incididunt Lorem cupidatat. Nisi officia Lorem voluptate eu ullamco cupidatat culpa amet cupidatat occaecat mollit aute.\n\nIn cupidatat incididunt proident veniam non mollit consequat aliqua. Veniam adipisicing adipisicing excepteur duis reprehenderit deserunt ullamco. Aute aliquip ut minim reprehenderit in nulla deserunt. Ex cillum culpa labore sunt amet aliqua culpa laborum magna minim sit elit nulla dolor. Eu dolore consequat nisi ad consectetur sunt anim. Ad enim laborum do duis aute do ut anim veniam sunt eu est esse.",
      "tags": [
        "in",
        "cupidatat",
        "reprehenderit"
      ]
    },
    {
      "requester_id": 63,
      "assignee_id": 9,
      "subject": "voluptate aliquip occaecat deserunt ad",
      "description": "Tempor et nulla culpa duis Lorem in dolore et tempor minim labore eu pariatur. Officia duis culpa proident mollit nisi excepteur excepteur Lorem laboris veniam fugiat nisi. Cupidatat ut qui esse enim consequat ullamco aliquip. Enim est minim laboris ullamco duis ex occaecat elit occaecat irure occaecat ullamco.\n\nOccaecat laboris qui culpa exercitation voluptate. Nostrud pariatur sint Lorem qui enim eiusmod cupidatat velit adipisicing aute. Elit adipisicing tempor minim ex magna sit non id sunt exercitation consequat nulla. Nulla aliquip ut occaecat commodo velit qui laborum dolor eiusmod.",
      "tags": [
        "consectetur",
        "cillum",
        "ut"
      ]
    },
    {
      "requester_id": 64,
      "assignee_id": 6,
      "subject": "velit minim adipisicing magna esse",
      "description": "Nisi aliquip cupidatat ullamco tempor labore excepteur nisi. Nisi irure exercitation laborum et cillum est nulla sit in eiusmod labore. Occaecat voluptate amet duis dolore Lorem excepteur tempor. Cillum quis qui tempor velit do mollit est commodo tempor culpa duis et ea.\n\nQuis non nulla nostrud ex cupidatat do. Dolor occaecat aute id nisi qui nulla Lorem non qui eu. Adipisicing nulla anim amet quis. In nisi eiusmod ea ad commodo nisi proident veniam id non ipsum nisi irure. Consectetur cupidatat voluptate veniam incididunt excepteur. Qui incididunt aliqua aute nulla. Est reprehenderit ad elit qui.",
      "tags": [
        "ullamco",
        "magna",
        "amet"
      ]
    },
    {
      "requester_id": 65,
      "assignee_id": 4,
      "subject": "tempor laborum qui voluptate nulla",
      "description": "Ipsum laboris sit ullamco mollit excepteur magna irure do nostrud eiusmod esse magna eiusmod. Dolore velit sit tempor veniam amet cupidatat. Qui est incididunt elit veniam laboris ipsum mollit ipsum ipsum dolore officia tempor ullamco. Aliqua anim Lorem minim et aute esse duis in Lorem aliqua officia cillum. Sint consequat eu non enim aliqua deserunt ut commodo dolore laborum fugiat aute minim occaecat. Ipsum cillum quis nostrud labore sunt mollit reprehenderit voluptate amet velit adipisicing. Ipsum do voluptate culpa nisi.\n\nLabore tempor mollit irure labore duis culpa fugiat consequat aute amet proident. Labore incididunt occaecat dolor cupidatat mollit. Pariatur nulla ex cillum pariatur. Consectetur quis laborum eu quis incididunt minim cillum ullamco reprehenderit voluptate. Ea nulla consectetur eu tempor aute fugiat do.",
      "tags": [
        "ipsum",
        "magna",
        "do"
      ]
    },
    {
      "requester_id": 66,
      "assignee_id": 8,
      "subject": "adipisicing officia reprehenderit id fugiat",
      "description": "Ea ipsum elit occaecat non sint mollit deserunt laboris consequat exercitation do sunt. Ex cillum consequat elit duis dolor velit. Anim consequat veniam nostrud mollit cillum et reprehenderit Lorem elit do est esse est. Duis sunt incididunt elit adipisicing culpa magna elit ut nostrud in incididunt consequat. Laboris aute ullamco ut enim nisi et. Mollit officia incididunt ullamco do.\n\nDolore aute et duis laborum incididunt cillum nulla et. Magna dolor aliqua ad do officia. Laborum consectetur adipisicing incididunt ut consectetur mollit aliquip reprehenderit. Eu qui adipisicing aliqua consequat sunt sint magna do. Eiusmod enim pariatur aliquip proident deserunt labore occaecat occaecat id commodo aute reprehenderit qui eu. Nostrud velit velit sunt aliqua labore Lorem enim in mollit sit. Voluptate irure quis sit minim commodo proident ullamco.",
      "tags": [
        "laborum",
        "duis",
        "qui"
      ]
    },
    {
      "requester_id": 67,
      "assignee_id": 5,
      "subject": "id ipsum ex deserunt esse",
      "description": "Culpa Lorem aute sunt nisi enim ea culpa ipsum tempor excepteur veniam reprehenderit eu excepteur. Nulla Lorem consectetur aliquip voluptate nisi sint officia magna incididunt. Duis consectetur eu ipsum duis anim. Fugiat pariatur non elit tempor ex non minim adipisicing nulla.\n\nNisi minim fugiat Lorem sit minim nostrud ut nostrud in velit aliqua incididunt magna nulla. Laboris enim consectetur laboris amet et nisi sunt esse consequat non esse quis aliquip culpa. In excepteur minim elit elit velit irure sint nostrud magna sint voluptate. Elit sunt elit voluptate esse ea cillum.",
      "tags": [
        "nulla",
        "nulla",
        "anim"
      ]
    },
    {
      "requester_id": 68,
      "assignee_id": 7,
      "subject": "adipisicing exercitation ex nostrud ipsum",
      "description": "Velit ad sint aute elit ea. Occaecat magna enim anim laboris tempor duis veniam aliqua et irure officia proident commodo labore. Fugiat deserunt Lorem labore cupidatat. Veniam minim ea laborum proident non. Consequat adipisicing non eiusmod incididunt mollit occaecat consequat nostrud excepteur nostrud fugiat consequat.\n\nOfficia nulla proident culpa occaecat anim labore consequat esse ullamco culpa eu adipisicing pariatur. Ea nisi et culpa est voluptate consequat culpa veniam excepteur. Aliqua anim exercitation fugiat minim laborum ea adipisicing ut qui duis labore in.",
      "tags": [
        "irure",
        "cillum",
        "occaecat"
      ]
    },
    {
      "requester_id": 69,
      "assignee_id": 2,
      "subject": "magna aliqua occaecat culpa velit",
      "description": "Nisi laboris dolor officia labore culpa occaecat consequat aliquip. Incididunt duis anim sunt fugiat commodo et nulla reprehenderit deserunt velit ut amet. Nulla anim adipisicing non anim exercitation pariatur ad minim eu et elit Lorem. Reprehenderit qui consequat esse sunt. Proident deserunt quis est deserunt nostrud laborum commodo. Sit incididunt amet laboris voluptate nostrud excepteur in nulla Lorem do consequat.\n\nUllamco enim velit adipisicing proident aliqua magna amet eiusmod sint ad. In aliquip laboris eiusmod eiusmod. Occaecat ea amet commodo elit elit veniam aute in sunt qui dolor nisi. Occaecat non adipisicing ex elit exercitation cillum eiusmod nulla. Magna id eu est cupidatat excepteur. Et exercitation adipisicing et sint sint eiusmod quis amet ad adipisicing eiusmod id. Sint esse commodo eu incididunt in adipisicing tempor pariatur non laboris est esse fugiat.",
      "tags": [
        "incididunt",
        "incididunt",
        "anim"
      ]
    },
    {
      "requester_id": 70,
      "assignee_id": 6,
      "subject": "non enim adipisicing veniam ullamco",
      "description": "Cillum magna incididunt dolor deserunt qui adipisicing adipisicing duis. Pariatur duis aliqua Lorem ut aute aliqua consequat est velit exercitation. Duis qui cillum amet anim. In veniam labore qui aliquip. Commodo occaecat commodo commodo commodo id proident consequat non cupidatat minim sint. Nisi cupidatat duis laborum et Lorem tempor adipisicing minim consectetur nostrud sunt ipsum.\n\nEst non eu laborum adipisicing irure commodo. Cillum occaecat reprehenderit enim enim elit velit consequat commodo ad fugiat elit. Culpa incididunt fugiat laboris et velit duis. Voluptate anim mollit irure magna mollit culpa sunt eiusmod aliquip cillum occaecat voluptate. Laborum culpa veniam velit incididunt deserunt labore. Ut ex cillum reprehenderit elit.",
      "tags": [
        "dolor",
        "laboris",
        "cillum"
      ]
    },
    {
      "requester_id": 71,
      "assignee_id": 10,
      "subject": "quis non laborum sint non",
      "description": "Sunt culpa sit minim non veniam magna consequat aliquip tempor enim dolore. Eiusmod dolore enim veniam est anim. Ipsum labore proident nisi duis incididunt ullamco cupidatat tempor.\n\nUt quis anim cillum elit laboris cupidatat. Non exercitation ipsum do sunt cupidatat amet. Ea commodo nulla incididunt et voluptate nulla enim cupidatat laboris aliquip id labore mollit consequat.",
      "tags": [
        "velit",
        "adipisicing",
        "voluptate"
      ]
    },
    {
      "requester_id": 72,
      "assignee_id": 6,
      "subject": "aliqua minim Lorem proident eiusmod",
      "description": "Ea sint eu ex velit aute consectetur aliquip consequat veniam id aute sunt irure. Exercitation dolore aliquip exercitation cillum nostrud excepteur exercitation dolor est veniam quis velit voluptate. Officia reprehenderit officia reprehenderit id dolor aliquip eiusmod veniam magna.\n\nMinim duis quis duis cupidatat. Ut do minim cupidatat laborum elit nostrud voluptate eiusmod. Sit culpa id cupidatat ipsum reprehenderit ea culpa veniam commodo. Quis amet dolor non do esse sunt occaecat dolor proident sint proident enim voluptate cillum. Ipsum est eu laboris velit excepteur deserunt proident proident. Magna tempor aute labore in tempor minim dolor mollit aliqua Lorem eu nulla. Ex sit laborum occaecat mollit veniam eu cupidatat ut ad non sunt voluptate aliqua sit.",
      "tags": [
        "ex",
        "tempor",
        "qui"
      ]
    },
    {
      "requester_id": 73,
      "assignee_id": 10,
      "subject": "duis dolore est esse et",
      "description": "Cupidatat anim occaecat fugiat aliqua sunt veniam fugiat id ipsum ea. Ad aute tempor nisi duis tempor magna aute et labore sint laborum. Anim aliquip id eiusmod quis commodo aliquip culpa irure in tempor laborum sit. Eiusmod ea laboris deserunt quis deserunt veniam minim Lorem velit proident. Proident proident sint ipsum amet est non dolor labore in. Nulla id veniam cillum tempor amet do in excepteur.\n\nNulla nulla nostrud esse dolor cillum nostrud consequat deserunt officia incididunt ipsum ullamco. Aliquip reprehenderit fugiat id fugiat aliquip exercitation aliqua culpa Lorem voluptate commodo eiusmod. Velit aliqua cupidatat minim tempor duis commodo ad enim consequat. Eu culpa elit occaecat irure dolore eu esse et dolore veniam officia amet cillum. Ex eu nisi deserunt nisi nisi voluptate do ex tempor qui dolor mollit nulla. Id aute Lorem Lorem velit amet est tempor minim exercitation esse anim laboris occaecat.",
      "tags": [
        "ex",
        "amet",
        "quis"
      ]
    },
    {
      "requester_id": 74,
      "assignee_id": 10,
      "subject": "deserunt excepteur anim Lorem nisi",
      "description": "Adipisicing consequat ullamco ut magna anim deserunt dolore exercitation labore dolor qui aute laborum. Velit esse voluptate amet ea. Aute exercitation commodo do duis enim laboris do. Laboris duis in pariatur incididunt eu adipisicing. Aute voluptate et labore consequat voluptate amet minim culpa aliqua. Tempor consectetur velit labore sit esse id eiusmod amet eiusmod ea ad. Culpa esse mollit aute nostrud sit officia qui culpa ullamco.\n\nMagna ex ipsum mollit anim commodo esse laboris. Dolor deserunt nisi veniam aliqua est adipisicing ex. Lorem et aute nostrud eiusmod aliqua enim cillum. Dolore tempor ex voluptate excepteur ut. Quis mollit ea ut sunt mollit consequat. Dolor aute veniam in duis culpa fugiat ullamco. In nisi pariatur dolore consequat consectetur sint occaecat.",
      "tags": [
        "tempor",
        "fugiat",
        "officia"
      ]
    },
    {
      "requester_id": 75,
      "assignee_id": 10,
      "subject": "commodo excepteur cupidatat aliquip quis",
      "description": "Irure dolore consequat consectetur deserunt id ut ad aliquip ex elit ipsum eu. Mollit cupidatat consequat magna pariatur tempor Lorem. Ut cillum fugiat tempor ad fugiat labore et culpa.\n\nId in ipsum aliquip nulla est aliquip labore magna occaecat irure. Tempor amet ad eiusmod id. In occaecat dolore labore dolor laboris ullamco sit. Labore enim occaecat sunt aliqua amet duis. Tempor commodo sint ut dolore cupidatat elit ad deserunt minim do veniam est aute. Ex Lorem laborum voluptate aliqua fugiat excepteur do. Sunt non labore incididunt cillum amet cupidatat commodo id consectetur do Lorem reprehenderit ex aliqua.",
      "tags": [
        "incididunt",
        "occaecat",
        "aute"
      ]
    },
    {
      "requester_id": 76,
      "assignee_id": 6,
      "subject": "Lorem aliqua id nisi minim",
      "description": "Pariatur officia minim elit deserunt ut voluptate anim Lorem minim mollit. Occaecat nulla mollit veniam eiusmod commodo id nulla ipsum adipisicing labore anim commodo. Dolore et minim anim deserunt fugiat consectetur non. Consequat commodo adipisicing commodo enim cillum pariatur laboris consectetur ad qui est. Elit duis et mollit occaecat esse laboris tempor mollit officia ex. Irure aliqua eiusmod mollit ad commodo occaecat ad. Anim duis eu ut sunt minim qui et magna et quis.\n\nVeniam fugiat laboris Lorem laborum mollit id ad incididunt. Ad nisi labore incididunt amet Lorem ex exercitation sint. Consequat ullamco deserunt elit cupidatat cupidatat voluptate ad. Nulla laborum consequat in quis Lorem sint dolore. Labore velit labore sint proident non aute adipisicing duis. Nostrud commodo velit proident occaecat voluptate sint sunt velit.",
      "tags": [
        "cillum",
        "ullamco",
        "ad"
      ]
    },
    {
      "requester_id": 77,
      "assignee_id": 8,
      "subject": "nulla id excepteur amet deserunt",
      "description": "Anim incididunt incididunt do anim nulla amet. Sunt veniam est ea dolor id amet culpa. Magna proident amet do nisi et cillum nostrud aute. Quis anim id aliquip fugiat. Pariatur proident ex reprehenderit velit fugiat aliqua sit occaecat aliquip adipisicing amet fugiat consequat.\n\nMagna minim in velit esse quis cupidatat nisi incididunt labore. Duis sunt consequat laboris aute. Officia est consequat ex deserunt culpa voluptate deserunt Lorem non. Exercitation Lorem magna duis et enim quis sint laboris et aute. Elit ea proident id fugiat sunt ullamco ea qui fugiat veniam ad dolor eu laboris. Ea qui officia culpa ea occaecat laboris.",
      "tags": [
        "duis",
        "dolore",
        "voluptate"
      ]
    },
    {
      "requester_id": 78,
      "assignee_id": 8,
      "subject": "ad reprehenderit magna ipsum irure",
      "description": "Culpa culpa non consectetur ullamco reprehenderit ex excepteur consectetur aliqua commodo nisi tempor aliqua velit. Nostrud irure veniam aliquip sunt et consectetur id nisi elit anim laborum occaecat non pariatur. In ipsum proident et nisi amet dolore occaecat.\n\nFugiat magna veniam irure non veniam quis quis sint elit eiusmod irure qui. Non elit ad aute proident. Nostrud excepteur magna enim do velit sint nisi ea adipisicing.",
      "tags": [
        "fugiat",
        "labore",
        "sunt"
      ]
    },
    {
      "requester_id": 79,
      "assignee_id": 6,
      "subject": "qui laboris nostrud non sit",
      "description": "Amet non dolore sunt anim pariatur. Est sit ad eiusmod irure commodo eiusmod voluptate nulla veniam sit consequat ex. Id officia aliqua elit commodo sint. Non proident aliquip aliquip non dolor sunt adipisicing anim sint velit. Sint id nostrud velit culpa reprehenderit dolore nisi. Magna consequat dolore minim est fugiat id amet anim fugiat est quis.\n\nEnim duis reprehenderit deserunt tempor commodo. Culpa ea fugiat nostrud laborum. Esse exercitation duis excepteur culpa nostrud incididunt ex. Aliqua enim minim id id adipisicing officia tempor ea ea id. Nisi velit aliqua consequat ex non velit.",
      "tags": [
        "do",
        "culpa",
        "reprehenderit"
      ]
    },
    {
      "requester_id": 80,
      "assignee_id": 9,
      "subject": "deserunt do magna occaecat id",
      "description": "Do aliquip magna exercitation adipisicing do incididunt consequat dolore ipsum ex dolore. Mollit id consectetur id aliqua sunt dolor aliqua eu aliquip. Amet exercitation dolore eu eu. Occaecat cillum excepteur et labore cillum eu. Reprehenderit dolor reprehenderit exercitation esse est non officia ullamco officia sunt cupidatat duis.\n\nConsectetur consequat reprehenderit velit anim eu consectetur sit. Nulla in officia aute amet non. Eu duis commodo et incididunt do nostrud qui sit. Ipsum dolor dolor ex elit esse ullamco occaecat anim sunt qui.",
      "tags": [
        "ipsum",
        "velit",
        "magna"
      ]
    },
    {
      "requester_id": 81,
      "assignee_id": 8,
      "subject": "dolore adipisicing fugiat ex tempor",
      "description": "Veniam cupidatat anim officia proident ad. Nostrud adipisicing aliqua voluptate quis laborum tempor nulla in aliqua cupidatat dolor. Cupidatat mollit aliqua est reprehenderit. Ad anim ut ad exercitation quis culpa velit nulla qui qui nostrud dolor ex exercitation. Velit est minim tempor voluptate mollit et id. Labore cillum tempor ipsum nostrud in adipisicing duis sunt.\n\nEu occaecat cillum do eiusmod ad in irure mollit fugiat. Esse aute officia reprehenderit do quis consectetur duis nulla. Ullamco ut Lorem consectetur mollit occaecat culpa cupidatat nulla Lorem aute eu nisi excepteur pariatur. Non et deserunt duis Lorem ullamco ex enim adipisicing sunt consectetur proident.",
      "tags": [
        "tempor",
        "voluptate",
        "enim"
      ]
    },
    {
      "requester_id": 82,
      "assignee_id": 2,
      "subject": "anim Lorem reprehenderit Lorem esse",
      "description": "Ea incididunt ea ut commodo dolore proident et fugiat mollit cillum id non proident. Sint consequat reprehenderit sint reprehenderit. Exercitation veniam aliqua voluptate est nisi pariatur culpa ad amet. Quis mollit consectetur esse quis anim voluptate consequat culpa exercitation ad eu Lorem irure. Amet est nulla ex elit esse cillum id tempor aute id irure dolore. Reprehenderit nulla enim sint sunt ullamco.\n\nAnim reprehenderit enim eu velit aliquip amet aute esse eu ex nulla quis. Consequat sunt est nostrud sint. Exercitation sint dolore occaecat officia. Nulla culpa tempor esse qui pariatur. Nulla irure officia consequat reprehenderit duis nisi Lorem laboris. Enim reprehenderit qui nostrud commodo excepteur quis laborum velit consequat amet consectetur anim.",
      "tags": [
        "exercitation",
        "amet",
        "aute"
      ]
    },
    {
      "requester_id": 83,
      "assignee_id": 5,
      "subject": "enim fugiat ad veniam est",
      "description": "Reprehenderit aliquip voluptate quis culpa cupidatat dolor eiusmod nisi incididunt veniam. Ullamco Lorem nisi mollit est qui aliquip mollit Lorem ad. Voluptate occaecat ullamco qui ipsum in in et exercitation anim ea proident. Magna tempor duis qui do ea quis officia enim id Lorem in tempor reprehenderit incididunt.\n\nSint nostrud laboris aliquip nulla commodo veniam. Aute dolore fugiat et cillum id adipisicing reprehenderit ut cillum excepteur magna incididunt. Laboris mollit sint eiusmod tempor quis velit enim esse officia. Excepteur dolore ipsum nisi cupidatat laboris irure est magna cupidatat.",
      "tags": [
        "irure",
        "ex",
        "consectetur"
      ]
    },
    {
      "requester_id": 84,
      "assignee_id": 4,
      "subject": "veniam ullamco enim ea do",
      "description": "Exercitation tempor culpa labore consequat cillum cillum ad consectetur. Ut tempor excepteur minim non ipsum. Eiusmod non voluptate enim ad enim laborum ex proident sunt. Occaecat fugiat anim nisi amet et veniam consequat dolore sint id adipisicing. Aliqua aliquip nulla ad dolore consequat eiusmod nisi officia adipisicing ut consectetur duis laboris. Ut proident cupidatat labore deserunt. Aute duis proident ullamco est est sunt magna magna non adipisicing laboris.\n\nQui consequat fugiat aliquip et tempor velit nisi sunt incididunt occaecat et. Esse tempor do ullamco veniam cupidatat quis Lorem sit. Occaecat est excepteur aute anim tempor non. Lorem sunt voluptate quis eu eiusmod. Laboris deserunt laborum irure ex et anim ipsum ea pariatur exercitation mollit dolor cillum exercitation.",
      "tags": [
        "in",
        "velit",
        "dolore"
      ]
    },
    {
      "requester_id": 85,
      "assignee_id": 2,
      "subject": "do excepteur magna duis consequat",
      "description": "Veniam proident ullamco aliquip enim nostrud. Incididunt officia deserunt do dolor adipisicing id id id. Adipisicing dolor id ut mollit ipsum in commodo ex. Lorem cupidatat duis aliquip enim. Enim exercitation eiusmod deserunt ea exercitation aliqua commodo culpa deserunt velit.\n\nMinim duis id sunt elit qui aliquip officia ut voluptate velit tempor in sunt enim. Eiusmod sit non reprehenderit sint. Veniam sit officia quis cillum. Laboris proident sint laboris voluptate irure non. Et qui irure et eiusmod do consectetur ipsum cupidatat est. Elit officia consequat culpa velit et id tempor Lorem ea non cupidatat sint.",
      "tags": [
        "Lorem",
        "elit",
        "proident"
      ]
    },
    {
      "requester_id": 86,
      "assignee_id": 6,
      "subject": "non pariatur nisi ad est",
      "description": "Incididunt nulla eiusmod do officia nulla voluptate fugiat minim et. Dolore aliquip veniam magna ex sunt esse aliqua occaecat consectetur. Anim ex nostrud anim in dolor. Deserunt excepteur commodo nostrud elit in occaecat deserunt sunt exercitation. Consequat exercitation magna anim aliqua consequat exercitation occaecat est consequat dolor ad anim consequat Lorem.\n\nProident laboris eu laboris officia veniam magna enim pariatur ad consectetur ullamco fugiat. Minim velit consequat qui adipisicing nisi irure ullamco adipisicing velit sit duis id. Duis anim dolor magna veniam voluptate sint anim.",
      "tags": [
        "eu",
        "ea",
        "excepteur"
      ]
    },
    {
      "requester_id": 87,
      "assignee_id": 10,
      "subject": "eiusmod tempor dolore adipisicing est",
      "description": "Deserunt duis commodo sint dolor labore ad pariatur eu minim excepteur occaecat. Quis elit aute eu irure veniam ea do incididunt laborum minim velit qui nulla ut. Sint qui deserunt sint occaecat voluptate. Labore proident eu cupidatat consectetur cillum sint aliquip commodo enim.\n\nVeniam qui sint excepteur est est consectetur minim. Sint aliqua ut eu non Lorem ex sunt deserunt ad. Veniam officia mollit pariatur pariatur. Cillum ullamco est minim ea est exercitation incididunt aliqua culpa cillum. Id aliqua do officia cupidatat eu ut excepteur do commodo voluptate minim aute aliqua duis. Nisi exercitation ad eu anim labore aute veniam exercitation do. Magna ullamco voluptate aute sunt adipisicing officia aute duis nostrud ex ex.",
      "tags": [
        "occaecat",
        "enim",
        "proident"
      ]
    },
    {
      "requester_id": 88,
      "assignee_id": 3,
      "subject": "quis minim quis eiusmod qui",
      "description": "Quis exercitation in deserunt culpa ad in est commodo laboris in esse minim deserunt. Ut proident ex laboris fugiat proident aliqua occaecat sit cillum mollit ullamco duis do exercitation. Sint commodo ea cillum ullamco. Reprehenderit qui sint occaecat excepteur fugiat ullamco tempor magna excepteur culpa esse exercitation quis.\n\nNostrud voluptate ea cillum velit sint. Dolor labore nisi eu cupidatat nostrud laboris exercitation ex sunt nostrud adipisicing magna. Adipisicing in irure amet anim nostrud velit veniam id cillum. Eiusmod fugiat laboris non laborum in ullamco.",
      "tags": [
        "aliqua",
        "consequat",
        "est"
      ]
    },
    {
      "requester_id": 89,
      "assignee_id": 7,
      "subject": "duis fugiat excepteur sit do",
      "description": "Consectetur ut consectetur ex aute quis laboris exercitation elit officia sint excepteur id. Qui nostrud esse proident anim ut adipisicing et nisi amet ad. Lorem laborum aliqua sunt ullamco consectetur dolore amet adipisicing consectetur sunt do. Laborum qui elit sint dolore proident ad laborum culpa consectetur. Mollit mollit elit laborum ipsum ut Lorem aute Lorem consequat est. Dolore deserunt consequat reprehenderit deserunt ut culpa.\n\nConsectetur ut amet amet enim. Elit exercitation eiusmod nulla veniam cillum. Enim excepteur labore et dolore esse. Officia deserunt Lorem est qui aute duis velit qui sint occaecat do et duis. Proident reprehenderit reprehenderit commodo ipsum adipisicing est sunt incididunt labore eiusmod minim dolore. Minim proident minim ullamco ea tempor minim culpa eu ut proident consectetur Lorem. Adipisicing pariatur est mollit est.",
      "tags": [
        "mollit",
        "deserunt",
        "qui"
      ]
    },
    {
      "requester_id": 90,
      "assignee_id": 8,
      "subject": "non nostrud anim cillum sit",
      "description": "Commodo sit quis tempor eu consectetur adipisicing sunt id. Commodo velit eiusmod laborum aute aliqua laboris ut nisi laboris eiusmod quis enim officia. Sit consequat veniam elit aute minim. Cillum enim elit consequat ullamco officia veniam dolor aliqua dolore occaecat ex deserunt reprehenderit. Sint nisi aliqua officia cupidatat aute enim excepteur sit officia quis nostrud minim incididunt.\n\nIncididunt est mollit amet est qui eu eu pariatur amet consectetur pariatur culpa. Nostrud minim tempor consequat non nisi sint aliqua non nulla elit mollit. Deserunt eiusmod qui amet exercitation eu incididunt anim commodo dolor nulla esse nulla et. Ut laborum deserunt tempor veniam esse commodo fugiat incididunt est.",
      "tags": [
        "eiusmod",
        "irure",
        "eiusmod"
      ]
    },
    {
      "requester_id": 91,
      "assignee_id": 1,
      "subject": "officia sunt aliquip duis nisi",
      "description": "Do nulla culpa ut deserunt excepteur anim ea. Non laborum aliqua ut eiusmod mollit. Commodo ut reprehenderit mollit irure consectetur nulla in ex proident commodo velit fugiat.\n\nFugiat duis velit officia nulla esse consequat elit ullamco. Voluptate commodo ea eiusmod nisi id incididunt. Adipisicing irure ad aliqua voluptate dolore Lorem sint laboris duis irure fugiat nostrud commodo. Excepteur dolore sint Lorem consequat minim minim. Dolor in ad et sint ullamco veniam et excepteur laborum eu voluptate. Anim amet mollit Lorem est dolore ex ea cupidatat et aute ea fugiat. Sunt minim deserunt non cillum magna fugiat commodo mollit cillum aute.",
      "tags": [
        "in",
        "aliqua",
        "qui"
      ]
    },
    {
      "requester_id": 92,
      "assignee_id": 2,
      "subject": "ut amet eiusmod cupidatat est",
      "description": "Ad commodo ipsum minim consequat ea. Nisi exercitation deserunt elit do exercitation laborum sit. Occaecat consequat pariatur tempor in exercitation enim magna in.\n\nDuis veniam laborum aute do occaecat dolore adipisicing reprehenderit occaecat nisi consequat officia do. Non laborum ea laboris quis consectetur adipisicing laboris in Lorem dolore sunt dolore. Commodo esse enim eiusmod reprehenderit esse sit deserunt dolor Lorem elit incididunt cupidatat veniam officia. Excepteur labore excepteur ullamco commodo sit incididunt deserunt est ex occaecat cupidatat. Eu minim non incididunt Lorem officia id occaecat irure Lorem adipisicing minim elit.",
      "tags": [
        "ex",
        "minim",
        "culpa"
      ]
    },
    {
      "requester_id": 93,
      "assignee_id": 7,
      "subject": "duis excepteur cillum pariatur Lorem",
      "description": "Laboris nulla velit anim sit amet proident. Cillum minim ullamco consectetur eiusmod dolore commodo laborum. Elit adipisicing amet ut sint ut. Adipisicing sint do consequat deserunt tempor esse laboris ea ut laborum.\n\nMagna ad esse consectetur quis officia consequat consequat eiusmod dolor consequat dolore ipsum. Dolor ad officia ea fugiat qui. Veniam reprehenderit occaecat cillum quis velit ad elit id labore pariatur ut aliquip amet. Id id cillum laborum sit nulla aute quis veniam magna nisi id quis. Amet irure ex ea nisi incididunt excepteur. Commodo ad tempor duis ut.",
      "tags": [
        "eu",
        "ut",
        "deserunt"
      ]
    },
    {
      "requester_id": 94,
      "assignee_id": 7,
      "subject": "ex cillum cillum proident commodo",
      "description": "Culpa amet mollit esse tempor sit ullamco sit ex dolore nostrud consectetur. Amet ad aliquip aliqua aute quis sunt laborum excepteur occaecat. Enim cillum do reprehenderit cupidatat ex eu ea ipsum ullamco consequat dolore duis consectetur. Magna sit voluptate laboris nisi do.\n\nDolor voluptate anim consequat ad cillum excepteur nisi elit. Ea tempor ipsum sint fugiat dolor anim amet pariatur aliqua labore ipsum. Sunt cillum eu fugiat est cillum mollit ullamco dolor anim in cupidatat cupidatat. Commodo eiusmod est et dolore enim do Lorem sunt quis magna sunt excepteur. Aliqua esse velit nulla labore culpa reprehenderit magna cupidatat aliquip. Do aliquip elit adipisicing aute excepteur culpa. Ullamco elit enim duis ut Lorem proident qui cupidatat magna.",
      "tags": [
        "consectetur",
        "reprehenderit",
        "consequat"
      ]
    },
    {
      "requester_id": 95,
      "assignee_id": 10,
      "subject": "eiusmod eu esse ex incididunt",
      "description": "Sint tempor consectetur elit non consectetur cupidatat velit laboris reprehenderit sint ad commodo quis laborum. Deserunt ex do cupidatat incididunt eu enim cupidatat irure excepteur consectetur. Fugiat deserunt quis ut amet dolore excepteur nulla veniam elit cillum commodo ullamco eiusmod adipisicing. Sint ipsum ut amet quis reprehenderit. Nulla Lorem aute nulla laborum id reprehenderit occaecat cupidatat ad dolor aute voluptate aute. Eu incididunt irure minim laboris enim dolore incididunt in ea sint Lorem do labore cillum. Aute adipisicing eiusmod fugiat magna.\n\nAliquip est aliquip do dolore et cupidatat irure ut nulla adipisicing. Aliqua et esse dolore amet officia id mollit aute. Reprehenderit exercitation cupidatat sunt tempor eu minim culpa fugiat veniam in dolor consequat.",
      "tags": [
        "excepteur",
        "mollit",
        "exercitation"
      ]
    },
    {
      "requester_id": 96,
      "assignee_id": 2,
      "subject": "excepteur consequat reprehenderit labore dolor",
      "description": "Ad consequat esse eu Lorem nisi velit minim non laboris ex in ad. Esse do dolor laborum duis cillum anim. Id nulla cillum in cupidatat occaecat laboris dolore Lorem mollit incididunt veniam.\n\nElit eu minim consectetur aliqua non. Velit pariatur consequat officia consequat. Laboris excepteur enim consequat enim pariatur velit et aliquip ipsum cupidatat irure eiusmod reprehenderit deserunt. Eu id et id culpa consequat non id incididunt consequat occaecat. Et cupidatat proident in ut. Do aliqua qui ullamco sint.",
      "tags": [
        "magna",
        "velit",
        "ea"
      ]
    },
    {
      "requester_id": 97,
      "assignee_id": 1,
      "subject": "cillum commodo nulla laborum nostrud",
      "description": "Commodo ea labore veniam labore officia nisi ut commodo aute laborum ipsum. Incididunt dolore eiusmod consequat anim Lorem cillum non sit est tempor ex veniam. Id qui irure aliquip eiusmod.\n\nVeniam officia voluptate aliquip officia do enim qui dolore dolor anim ullamco dolore ad anim. Mollit nulla sunt anim occaecat amet in. Deserunt anim consequat Lorem aliquip consequat adipisicing. Ex anim magna dolore enim dolor. Ullamco id elit aliquip officia dolore veniam incididunt. Aliqua officia ex sunt elit. Commodo enim elit velit aliquip proident commodo.",
      "tags": [
        "fugiat",
        "do",
        "irure"
      ]
    },
    {
      "requester_id": 98,
      "assignee_id": 5,
      "subject": "elit sit laborum commodo laborum",
      "description": "Et cupidatat reprehenderit deserunt esse Lorem consequat sit officia id. Ullamco eiusmod dolore velit consequat incididunt nisi pariatur. Fugiat amet labore deserunt laboris et dolore commodo culpa mollit consequat et cupidatat sint.\n\nUt laboris consectetur excepteur tempor duis velit cupidatat cupidatat sunt cillum nisi quis est. Culpa non culpa aliqua minim velit culpa ea tempor ut eiusmod sunt eu sit. Et ipsum mollit aute et sunt aliqua ex occaecat laborum reprehenderit adipisicing commodo dolore. Nulla adipisicing cillum Lorem ad eu sint eiusmod magna ullamco minim labore. Pariatur non aliqua et esse duis do sunt excepteur et aute ex aliqua elit nulla. Exercitation velit non in officia veniam id sint. Lorem nulla dolor occaecat commodo mollit elit incididunt qui qui velit ea anim deserunt.",
      "tags": [
        "fugiat",
        "nisi",
        "reprehenderit"
      ]
    },
    {
      "requester_id": 99,
      "assignee_id": 6,
      "subject": "adipisicing duis quis consequat velit",
      "description": "Do irure non occaecat sunt. Exercitation adipisicing anim laborum fugiat velit ut sit nisi consectetur officia ad in eiusmod. Ea fugiat laboris et sunt. In consectetur consectetur mollit est incididunt nostrud sit. Aliqua cupidatat adipisicing duis occaecat sunt commodo proident quis ex ad. Nulla consequat ad commodo esse est non non ut proident quis sit duis in.\n\nIncididunt culpa esse magna proident aliquip sunt. Id consequat reprehenderit aliquip ipsum laboris amet Lorem quis elit consequat aliquip. Duis aliqua anim reprehenderit enim esse deserunt nostrud proident anim magna magna do quis. Nostrud sint et exercitation eiusmod elit.",
      "tags": [
        "fugiat",
        "mollit",
        "quis"
      ]
    },
    {
      "requester_id": 100,
      "assignee_id": 3,
      "subject": "in nostrud occaecat consectetur aliquip",
      "description": "Esse esse quis ut esse nisi tempor sunt. Proident officia incididunt cupidatat laborum ipsum duis. Labore qui labore elit consequat.\n\nDo id nisi qui et fugiat culpa veniam consequat ad amet ut nisi ipsum. Culpa exercitation consectetur adipisicing sunt reprehenderit. Deserunt consequat aliquip tempor anim officia elit proident commodo consequat aute. Magna enim esse tempor incididunt ipsum dolore Lorem cupidatat incididunt.",
      "tags": [
        "deserunt",
        "est",
        "enim"
      ]
    }
  ]
}